MODULE,SELF_CPU_TOTAL,SELF_CPU_TIME_UOM,CPU_TOTAL,CPU_TOTAL_UOM,SELF_GPU_TOTAL,SELF_GPU_UOM,GPU_TOTAL,GPU_TOTAL_UOM,SELF_CPU MEM,SELF_CPU_MEM_UOM,CPU_MEM,CPU_MEM_UOM,SELF_GPU_MEM,SELF_GPU_MEM_UOM,GPU_MEM,GPU_MEM_UOM,NUMBER_OF_CALLS
conv0,34.70008999999997,ms,127.58255199999985,ms,169.8730887184143,ms,667.3810890102386,ms,0.0,kb,0.0,kb,6648663.0,kb,26620848.0,kb,354
norm0,20.070887999999982,ms,59.75636100000013,ms,60.36956834602356,ms,175.7426885623932,ms,0.0,kb,0.0,kb,6706491.0,kb,33532455.0,kb,354
relu0,9.979501000000004,ms,14.232926999999995,ms,43.38355218410492,ms,82.75644793224335,ms,0.0,kb,0.0,kb,0.0,kb,0.0,kb,354
pool0,15.888953000000038,ms,33.26978199999998,ms,57.187263979911805,ms,112.34681555175781,ms,0.0,kb,0.0,kb,4986434.0,kb,14959302.0,kb,354
norm1,17.66605100000001,ms,52.45161000000005,ms,27.604192125320434,ms,78.05699240112304,ms,0.0,kb,0.0,kb,1665392.0,kb,8326960.0,kb,354
relu1,8.672305000000003,ms,12.108572000000006,ms,15.66921589422226,ms,27.70159997034073,ms,0.0,kb,0.0,kb,0.0,kb,0.0,kb,354
conv1,23.79904900000003,ms,86.02722300000003,ms,56.833983668327335,ms,217.327936088562,ms,0.0,kb,0.0,kb,3324305.0,kb,13303769.0,kb,354
norm2,17.845157999999994,ms,53.176838000000025,ms,38.34588789367676,ms,110.28153532028199,ms,0.0,kb,0.0,kb,3324305.0,kb,16621525.0,kb,354
relu2,8.619620000000008,ms,12.015266999999996,ms,24.43791987991333,ms,45.3054081697464,ms,0.0,kb,0.0,kb,0.0,kb,0.0,kb,354
conv2,26.317925000000027,ms,96.30529699999985,ms,120.45171273803712,ms,471.96374512004854,ms,0.0,kb,0.0,kb,843048.0,kb,3513969.0,kb,354
norm1,17.294203999999965,ms,51.35378799999999,ms,32.60755199241638,ms,93.02358395004272,ms,0.0,kb,0.0,kb,2510292.0,kb,12551460.0,kb,354
relu1,8.580779,ms,11.964207999999987,ms,20.019935841560365,ms,36.48969575881958,ms,0.0,kb,0.0,kb,0.0,kb,0.0,kb,354
conv1,22.749461999999998,ms,81.92181399999963,ms,69.19782378387451,ms,266.9785584020615,ms,0.0,kb,0.0,kb,3324305.0,kb,13303769.0,kb,354
norm2,17.713125999999967,ms,52.745945999999925,ms,38.140479839324954,ms,109.75699139022827,ms,0.0,kb,0.0,kb,3324452.0,kb,16622260.0,kb,354
relu2,8.498840000000003,ms,11.878933000000014,ms,24.34271975326538,ms,45.19097614574432,ms,0.0,kb,0.0,kb,0.0,kb,0.0,kb,354
conv2,23.446546999999942,ms,84.88801400000003,ms,117.82873612499237,ms,461.6294401512146,ms,0.0,kb,0.0,kb,848780.0,kb,3536897.0,kb,354
norm1,17.137555000000006,ms,50.65234499999994,ms,37.70300761413574,ms,108.40630355262756,ms,0.0,kb,0.0,kb,3324552.0,kb,16622760.0,kb,354
relu1,8.531558,ms,11.917534999999996,ms,24.34220786333084,ms,45.214400132656095,ms,0.0,kb,0.0,kb,0.0,kb,0.0,kb,354
conv1,22.45907600000004,ms,80.90276700000011,ms,82.03116740608215,ms,318.52364884758,ms,0.0,kb,0.0,kb,3324940.0,kb,13306309.0,kb,354
norm2,17.522392000000004,ms,52.164511000000005,ms,37.97142354011535,ms,109.23203127861024,ms,0.0,kb,0.0,kb,3325575.0,kb,16627875.0,kb,354
relu2,8.531212000000005,ms,11.917812000000003,ms,24.367199804782867,ms,45.24313612508774,ms,0.0,kb,0.0,kb,0.0,kb,0.0,kb,354
conv2,22.94405900000001,ms,82.9181549999999,ms,117.38835239601136,ms,459.973024312973,ms,0.0,kb,0.0,kb,853108.0,kb,3554209.0,kb,354
norm1,17.32542500000002,ms,51.47903699999999,ms,43.19958429145813,ms,124.8993927345276,ms,0.0,kb,0.0,kb,4156646.0,kb,20783230.0,kb,354
relu1,8.667122000000003,ms,12.070816000000006,ms,28.952991722106933,ms,54.272159714698795,ms,0.0,kb,0.0,kb,0.0,kb,0.0,kb,354
conv1,22.70430800000004,ms,82.08253700000004,ms,95.20323231315612,ms,371.22351855278015,ms,0.0,kb,0.0,kb,3327837.0,kb,13317897.0,kb,354
norm2,17.271187000000015,ms,51.55652299999991,ms,37.81628752708435,ms,108.91055937385559,ms,0.0,kb,0.0,kb,3331700.0,kb,16658500.0,kb,354
relu2,8.392927000000002,ms,11.780887999999996,ms,24.29731178855896,ms,45.17881613540649,ms,0.0,kb,0.0,kb,0.0,kb,0.0,kb,354
conv2,23.03549299999998,ms,83.43169100000013,ms,117.45411340045929,ms,460.37280057525635,ms,0.0,kb,0.0,kb,852876.0,kb,3553281.0,kb,354
norm1,16.20715000000003,ms,48.388148999999956,ms,47.68361639785767,ms,138.72841754722594,ms,0.0,kb,0.0,kb,5033416.0,kb,25167080.0,kb,354
relu1,8.036047999999992,ms,11.298681999999989,ms,33.009631727695464,ms,62.67945610284805,ms,0.0,kb,0.0,kb,0.0,kb,0.0,kb,354
conv1,21.364884000000057,ms,77.18804099999988,ms,107.38067153930665,ms,420.35737428283693,ms,0.0,kb,0.0,kb,3354699.0,kb,13425345.0,kb,354
norm2,16.496906000000003,ms,49.19785999999996,ms,37.22812799263001,ms,107.27014435195923,ms,0.0,kb,0.0,kb,3383431.0,kb,16917155.0,kb,354
relu2,8.016954000000014,ms,11.27251899999999,ms,24.087520475387574,ms,44.85084858036041,ms,0.0,kb,0.0,kb,0.0,kb,0.0,kb,354
conv2,21.750635,ms,78.8947870000001,ms,116.60409473419189,ms,457.31526472473143,ms,0.0,kb,0.0,kb,856180.5,kb,3566499.0,kb,354
norm1,16.337163999999987,ms,49.03691800000002,ms,53.08153575515747,ms,154.97254350090026,ms,0.0,kb,0.0,kb,5818848.0,kb,29094240.0,kb,354
relu1,8.152665,ms,11.442161999999984,ms,37.49856015586853,ms,71.60912015342713,ms,0.0,kb,0.0,kb,0.0,kb,0.0,kb,354
conv1,21.481496000000003,ms,77.63140799999995,ms,121.09318399524689,ms,475.15040033340455,ms,0.0,kb,0.0,kb,3420319.0,kb,13687825.0,kb,354
norm2,16.53797599999998,ms,49.38210099999999,ms,37.26003193664551,ms,107.361056224823,ms,0.0,kb,0.0,kb,3424177.0,kb,17120885.0,kb,354
relu2,7.999918999999987,ms,11.236645000000008,ms,24.101248416900635,ms,44.91206450366974,ms,0.0,kb,0.0,kb,0.0,kb,0.0,kb,354
conv2,21.891658999999958,ms,79.41502900000012,ms,116.74102309131622,ms,457.8706563863754,ms,0.0,kb,0.0,kb,856956.0,kb,3569601.0,kb,354
norm,16.47741499999997,ms,49.43217700000002,ms,58.50912013435364,ms,171.15011203956604,ms,0.0,kb,0.0,kb,6649104.0,kb,33245520.0,kb,354
relu,8.083250999999992,ms,11.325304000000008,ms,41.79961576986313,ms,80.28143967103958,ms,0.0,kb,0.0,kb,0.0,kb,0.0,kb,354
conv,21.558821000000044,ms,78.0068889999999,ms,134.5555201740265,ms,529.0685448284149,ms,0.0,kb,0.0,kb,3483165.0,kb,13939209.0,kb,354
pool,9.715557000000015,ms,11.787088999999998,ms,34.79494401073456,ms,34.79494401073456,ms,0.0,kb,0.0,kb,841072.0,kb,1682144.0,kb,354
norm1,16.390752000000006,ms,48.813794999999956,ms,21.28076795387268,ms,59.38566436195374,ms,0.0,kb,0.0,kb,852804.0,kb,4264020.0,kb,354
relu1,8.095517999999998,ms,11.389261000000008,ms,8.730944028377532,ms,14.140576066493988,ms,0.0,kb,0.0,kb,0.0,kb,0.0,kb,354
conv1,21.086963000000008,ms,76.08846799999992,ms,41.37033573627472,ms,156.32076713752747,ms,0.0,kb,0.0,kb,854613.0,kb,3420217.0,kb,354
norm2,16.508407,ms,49.14465,ms,19.71027198791504,ms,54.7042244052887,ms,0.0,kb,0.0,kb,857604.5,kb,4288022.5,kb,354
relu2,8.246081999999994,ms,11.513735000000004,ms,8.858624077796936,ms,14.231520086288452,ms,0.0,kb,0.0,kb,0.0,kb,0.0,kb,354
conv2,21.862062999999946,ms,79.16833300000009,ms,57.18102366065979,ms,219.60544027519225,ms,0.0,kb,0.0,kb,207760.0,kb,972817.0,kb,354
norm1,16.25646200000003,ms,48.47522400000008,ms,22.967103918075562,ms,64.44863940620422,ms,0.0,kb,0.0,kb,1056684.0,kb,5283420.0,kb,354
relu1,8.018434000000005,ms,11.261870999999994,ms,9.906432138442993,ms,16.504192231178283,ms,0.0,kb,0.0,kb,0.0,kb,0.0,kb,354
conv1,21.09255200000003,ms,76.08974999999988,ms,46.09023954772949,ms,175.16000070381165,ms,0.0,kb,0.0,kb,849888.0,kb,3401317.0,kb,354
norm2,16.577165000000033,ms,49.50264099999996,ms,19.916608137130737,ms,55.349568544387814,ms,0.0,kb,0.0,kb,845423.0,kb,4227115.0,kb,354
relu2,8.015141000000002,ms,11.239104000000005,ms,8.654112021446227,ms,13.991296043395996,ms,0.0,kb,0.0,kb,0.0,kb,0.0,kb,354
conv2,21.72736600000005,ms,78.82298200000004,ms,57.08780770778656,ms,219.29631988143922,ms,0.0,kb,0.0,kb,207760.0,kb,972817.0,kb,354
norm1,16.291392000000037,ms,48.66002800000003,ms,24.379488037109375,ms,68.68399983787536,ms,0.0,kb,0.0,kb,1265250.0,kb,6326250.0,kb,354
relu1,8.086376999999999,ms,11.347687,ms,11.857280020713807,ms,20.37228799533844,ms,0.0,kb,0.0,kb,0.0,kb,0.0,kb,354
conv1,21.29378200000001,ms,76.84775200000003,ms,50.57619205570221,ms,192.97014572238922,ms,0.0,kb,0.0,kb,862411.0,kb,3451409.0,kb,354
norm2,16.536424000000032,ms,49.368656000000044,ms,20.132768245697022,ms,55.934656642913815,ms,0.0,kb,0.0,kb,867957.0,kb,4339785.0,kb,354
relu2,8.068202000000007,ms,11.354215,ms,8.737216005325317,ms,14.120352062225342,ms,0.0,kb,0.0,kb,0.0,kb,0.0,kb,354
conv2,21.70751300000003,ms,78.61846799999972,ms,57.02041576194763,ms,218.93926401996612,ms,0.0,kb,0.0,kb,207760.0,kb,972817.0,kb,354
norm1,16.281270000000003,ms,48.3984730000001,ms,25.954463928222655,ms,73.40268806266785,ms,0.0,kb,0.0,kb,1478404.0,kb,7392020.0,kb,354
relu1,8.030578999999998,ms,11.268455000000008,ms,13.838816057682036,ms,24.34892801141739,ms,0.0,kb,0.0,kb,0.0,kb,0.0,kb,354
conv1,21.04054000000005,ms,75.96703599999984,ms,54.846527649879455,ms,210.2919034357071,ms,0.0,kb,0.0,kb,878944.0,kb,3517541.0,kb,354
norm2,16.47877199999997,ms,49.19687099999994,ms,20.15795220756531,ms,56.09724831390381,ms,0.0,kb,0.0,kb,878647.0,kb,4393235.0,kb,354
relu2,8.075663999999989,ms,11.347553999999988,ms,8.738015992164613,ms,14.100928015708924,ms,0.0,kb,0.0,kb,0.0,kb,0.0,kb,354
conv2,21.679793999999955,ms,78.48439000000026,ms,57.04633584308624,ms,219.11910468006133,ms,0.0,kb,0.0,kb,207760.0,kb,972817.0,kb,354
norm1,16.040717000000026,ms,47.82751000000002,ms,27.381696180343628,ms,77.83433644866943,ms,0.0,kb,0.0,kb,1670237.0,kb,8351185.0,kb,354
relu1,8.006695000000002,ms,11.24525000000001,ms,15.193856000423432,ms,27.064896087169647,ms,0.0,kb,0.0,kb,0.0,kb,0.0,kb,354
conv1,21.22414399999997,ms,76.64703599999994,ms,59.46460763835907,ms,228.70473641586304,ms,0.0,kb,0.0,kb,876509.0,kb,3507801.0,kb,354
norm2,16.565381000000034,ms,49.404624,ms,20.357696115493773,ms,56.5756162109375,ms,0.0,kb,0.0,kb,880318.0,kb,4401590.0,kb,354
relu2,8.238560999999994,ms,11.535733000000004,ms,8.909280044078827,ms,14.330880044460297,ms,0.0,kb,0.0,kb,0.0,kb,0.0,kb,354
conv2,21.878998999999936,ms,79.37072700000002,ms,57.18198388576508,ms,219.6198400411606,ms,0.0,kb,0.0,kb,207760.0,kb,972817.0,kb,354
norm1,16.358054000000006,ms,49.363165000000016,ms,29.21910400009155,ms,83.33536046981811,ms,0.0,kb,0.0,kb,1971072.0,kb,9855360.0,kb,354
relu1,8.018996000000003,ms,11.276218999999998,ms,16.33971212100983,ms,29.34630407524109,ms,0.0,kb,0.0,kb,0.0,kb,0.0,kb,354
conv1,21.17309800000003,ms,76.41205700000023,ms,64.1207999458313,ms,247.40278469467162,ms,0.0,kb,0.0,kb,892831.0,kb,3573089.0,kb,354
norm2,16.575582,ms,49.4690249999999,ms,20.51638415336609,ms,57.17673643302918,ms,0.0,kb,0.0,kb,910678.0,kb,4553390.0,kb,354
relu2,7.980928999999995,ms,11.20568,ms,8.675999965667724,ms,14.035584016799927,ms,0.0,kb,0.0,kb,0.0,kb,0.0,kb,354
conv2,21.762500000000035,ms,78.72787500000018,ms,57.04972783088684,ms,219.10892804145814,ms,0.0,kb,0.0,kb,207760.0,kb,972817.0,kb,354
norm1,16.432228000000023,ms,49.4629399999999,ms,30.951871757507323,ms,88.49683172607422,ms,0.0,kb,0.0,kb,2234852.0,kb,11174260.0,kb,354
relu1,8.03779899999999,ms,11.300894999999999,ms,17.438751919746398,ms,31.58742404079437,ms,0.0,kb,0.0,kb,0.0,kb,0.0,kb,354
conv1,21.060972000000014,ms,76.04489599999978,ms,68.45407913589477,ms,264.6967028465271,ms,0.0,kb,0.0,kb,927403.0,kb,3711377.0,kb,354
norm2,16.422998000000028,ms,48.89126800000011,ms,20.543424140930174,ms,57.211744400024415,ms,0.0,kb,0.0,kb,933436.0,kb,4667180.0,kb,354
relu2,8.060250999999994,ms,11.299376000000002,ms,8.7078719997406,ms,14.07139206123352,ms,0.0,kb,0.0,kb,0.0,kb,0.0,kb,354
conv2,21.74122999999997,ms,78.73538500000006,ms,57.04335997390747,ms,219.0969282693863,ms,0.0,kb,0.0,kb,207760.0,kb,972817.0,kb,354
norm1,16.43725600000002,ms,49.48815699999987,ms,32.65836781311035,ms,93.66038378143311,ms,0.0,kb,0.0,kb,2397615.0,kb,11988075.0,kb,354
relu1,8.080257,ms,11.363981999999996,ms,18.539712236881257,ms,33.75084825658798,ms,0.0,kb,0.0,kb,0.0,kb,0.0,kb,354
conv1,21.083513000000032,ms,76.13157699999995,ms,72.79126369953156,ms,282.0498245801926,ms,0.0,kb,0.0,kb,945044.0,kb,3781941.0,kb,354
norm2,16.412012999999966,ms,48.92999999999998,ms,20.685760246276857,ms,57.63350476264954,ms,0.0,kb,0.0,kb,947857.0,kb,4739285.0,kb,354
relu2,8.024118,ms,11.256774000000005,ms,8.704960005760192,ms,14.073792038917542,ms,0.0,kb,0.0,kb,0.0,kb,0.0,kb,354
conv2,21.801492999999983,ms,79.05695599999979,ms,57.13615974807739,ms,219.49523190784456,ms,0.0,kb,0.0,kb,207760.0,kb,972817.0,kb,354
norm1,16.342381999999994,ms,49.00553100000007,ms,34.24230401706696,ms,98.25942417049409,ms,0.0,kb,0.0,kb,2608091.0,kb,13040455.0,kb,354
relu1,8.053409,ms,11.288833999999994,ms,19.68972800064087,ms,35.998848140716554,ms,0.0,kb,0.0,kb,0.0,kb,0.0,kb,354
conv1,21.179162000000073,ms,76.55034699999995,ms,77.32572794818878,ms,300.21187230300905,ms,0.0,kb,0.0,kb,949057.0,kb,3797993.0,kb,354
norm2,16.468783999999985,ms,49.13367799999992,ms,20.759712316513063,ms,57.90796880912781,ms,0.0,kb,0.0,kb,961058.0,kb,4805290.0,kb,354
relu2,8.152843,ms,11.373303999999996,ms,8.823712049007415,ms,14.183840054988861,ms,0.0,kb,0.0,kb,0.0,kb,0.0,kb,354
conv2,21.70560399999997,ms,78.63234099999997,ms,57.044063870429994,ms,219.12284779930116,ms,0.0,kb,0.0,kb,207760.0,kb,972817.0,kb,354
norm1,16.349572000000023,ms,49.03626200000003,ms,35.800448101997375,ms,102.96396833896637,ms,0.0,kb,0.0,kb,2793428.0,kb,13967140.0,kb,354
relu1,8.042283000000003,ms,11.282799,ms,20.753280373096466,ms,38.170400214672085,ms,0.0,kb,0.0,kb,0.0,kb,0.0,kb,354
conv1,21.053339999999977,ms,76.03646999999991,ms,81.83014372825623,ms,318.29305800533297,ms,0.0,kb,0.0,kb,963926.0,kb,3857469.0,kb,354
norm2,16.444415000000014,ms,49.13394799999997,ms,20.837248176574708,ms,58.13740846252441,ms,0.0,kb,0.0,kb,970620.0,kb,4853100.0,kb,354
relu2,7.999657999999996,ms,11.235468000000003,ms,8.670303996562957,ms,14.032256053447723,ms,0.0,kb,0.0,kb,0.0,kb,0.0,kb,354
conv2,21.678122999999996,ms,78.56180400000007,ms,57.03932791805267,ms,219.11948828315735,ms,0.0,kb,0.0,kb,207760.0,kb,972817.0,kb,354
norm1,16.312955000000002,ms,48.88257499999994,ms,37.41148792457581,ms,107.77872030448914,ms,0.0,kb,0.0,kb,2932844.0,kb,14664220.0,kb,354
relu1,8.011481999999997,ms,11.239847999999993,ms,21.82937605047226,ms,40.35795224428177,ms,0.0,kb,0.0,kb,0.0,kb,0.0,kb,354
conv1,21.085040000000014,ms,76.12368000000019,ms,86.16211157989503,ms,335.564031247139,ms,0.0,kb,0.0,kb,978616.0,kb,3916229.0,kb,354
norm2,16.49804200000001,ms,49.225149999999935,ms,20.976864128112794,ms,58.532768434524534,ms,0.0,kb,0.0,kb,1004674.0,kb,5023370.0,kb,354
relu2,8.057753000000005,ms,11.299330000000005,ms,8.713472004890441,ms,14.091968051910401,ms,0.0,kb,0.0,kb,0.0,kb,0.0,kb,354
conv2,21.94157900000001,ms,79.61296600000009,ms,57.251583587646486,ms,219.83888004493713,ms,0.0,kb,0.0,kb,207760.0,kb,972817.0,kb,354
norm1,16.367066999999995,ms,49.12875200000004,ms,39.14582398414612,ms,112.97910339927674,ms,0.0,kb,0.0,kb,3141494.0,kb,15707470.0,kb,354
relu1,8.021063999999996,ms,11.267055,ms,22.967488231658937,ms,42.619776348114016,ms,0.0,kb,0.0,kb,0.0,kb,0.0,kb,354
conv1,21.138433999999993,ms,76.28132600000012,ms,90.89593602085114,ms,354.43436644649506,ms,0.0,kb,0.0,kb,1012479.0,kb,4051681.0,kb,354
norm2,16.57244100000001,ms,49.82789399999999,ms,21.051328243255615,ms,58.69446450996399,ms,0.0,kb,0.0,kb,1044895.0,kb,5224475.0,kb,354
relu2,8.001984000000007,ms,11.246665000000013,ms,8.665375996112823,ms,14.034368058681489,ms,0.0,kb,0.0,kb,0.0,kb,0.0,kb,354
conv2,21.635755999999965,ms,78.23534399999998,ms,56.931551727294924,ms,218.63782427120208,ms,0.0,kb,0.0,kb,207760.0,kb,972817.0,kb,354
norm,16.130918000000033,ms,47.88282099999994,ms,40.529472059249876,ms,117.2027525806427,ms,0.0,kb,0.0,kb,3510574.0,kb,17552870.0,kb,354
relu,8.007575999999998,ms,11.220149999999983,ms,24.018304234981535,ms,44.72112029314041,ms,0.0,kb,0.0,kb,0.0,kb,0.0,kb,354
conv,21.350616999999975,ms,77.16788199999986,ms,165.5686722917557,ms,653.1898883485794,ms,0.0,kb,0.0,kb,1667356.0,kb,6671194.0,kb,354
pool,9.24790099999998,ms,11.377317000000003,ms,21.264959931373596,ms,21.264959931373596,ms,0.0,kb,0.0,kb,470588.0,kb,941176.0,kb,354
norm1,16.410655,ms,48.751321000000004,ms,17.155231990814208,ms,46.958367656707765,ms,0.0,kb,0.0,kb,511794.0,kb,2558970.0,kb,354
relu1,8.275514000000003,ms,11.582179999999997,ms,8.181344005584716,ms,12.541919953346252,ms,0.0,kb,0.0,kb,0.0,kb,0.0,kb,354
conv1,21.161221,ms,75.39099799999998,ms,38.15708812046051,ms,143.44716828155518,ms,0.0,kb,0.0,kb,207760.0,kb,831040.0,kb,354
norm2,16.453146999999994,ms,49.03647499999989,ms,16.369247909545898,ms,44.66159998512268,ms,0.0,kb,0.0,kb,207760.0,kb,1038800.0,kb,354
relu2,8.024539000000003,ms,11.277183999999986,ms,7.938688018798828,ms,11.828800044059754,ms,0.0,kb,0.0,kb,0.0,kb,0.0,kb,354
conv2,21.646897999999975,ms,78.37223900000006,ms,36.53568000793457,ms,137.13251224327087,ms,0.0,kb,0.0,kb,51940.0,kb,349537.0,kb,354
norm1,16.14710899999999,ms,48.11846699999999,ms,17.123327971458433,ms,46.903359622001645,ms,0.0,kb,0.0,kb,545193.0,kb,2725965.0,kb,354
relu1,8.112974000000007,ms,11.389616000000002,ms,7.9643840079307555,ms,12.45161599779129,ms,0.0,kb,0.0,kb,0.0,kb,0.0,kb,354
conv1,18.794767999999998,ms,65.99753499999994,ms,37.4425280752182,ms,140.70854452323914,ms,0.0,kb,0.0,kb,207760.0,kb,831040.0,kb,354
norm2,16.36976299999997,ms,48.69414799999982,ms,16.264607889175416,ms,44.335775985717774,ms,0.0,kb,0.0,kb,207760.0,kb,1038800.0,kb,354
relu2,8.002015000000004,ms,11.231481,ms,7.904352024078369,ms,11.764576036453247,ms,0.0,kb,0.0,kb,0.0,kb,0.0,kb,354
conv2,21.562825999999973,ms,77.96273999999978,ms,36.367968115806576,ms,136.3832319879532,ms,0.0,kb,0.0,kb,51940.0,kb,349537.0,kb,354
norm1,16.19714000000002,ms,47.989069000000036,ms,17.34313608932495,ms,47.50639990615845,ms,0.0,kb,0.0,kb,606021.0,kb,3030105.0,kb,354
relu1,8.054255999999995,ms,11.302040000000003,ms,7.9212480106353755,ms,12.47020802783966,ms,0.0,kb,0.0,kb,0.0,kb,0.0,kb,354
conv1,18.695051000000007,ms,65.57016700000001,ms,39.34687992668152,ms,148.25926426506044,ms,0.0,kb,0.0,kb,207760.0,kb,831040.0,kb,354
norm2,16.40095099999996,ms,48.795826999999925,ms,16.327295806884766,ms,44.46710388755798,ms,0.0,kb,0.0,kb,207760.0,kb,1038800.0,kb,354
relu2,8.05206,ms,11.312882999999998,ms,7.960831992149353,ms,11.847935991287232,ms,0.0,kb,0.0,kb,0.0,kb,0.0,kb,354
conv2,21.65773100000002,ms,78.33341700000001,ms,36.447872077941895,ms,136.67974423980712,ms,0.0,kb,0.0,kb,51940.0,kb,349537.0,kb,354
norm1,16.16876599999998,ms,48.05921399999987,ms,17.707199882507325,ms,48.66700790977478,ms,0.0,kb,0.0,kb,630190.0,kb,3150950.0,kb,354
relu1,8.123526,ms,11.408673999999996,ms,8.064448033332825,ms,12.746848043441773,ms,0.0,kb,0.0,kb,0.0,kb,0.0,kb,354
conv1,18.71348199999997,ms,65.53473999999996,ms,41.509695870399476,ms,156.80476708221437,ms,0.0,kb,0.0,kb,207760.0,kb,831040.0,kb,354
norm2,16.45458100000001,ms,49.03226100000001,ms,16.381407926559447,ms,44.625568098068236,ms,0.0,kb,0.0,kb,207760.0,kb,1038800.0,kb,354
relu2,8.005594000000004,ms,11.237554000000001,ms,7.93439999961853,ms,11.802911980628966,ms,0.0,kb,0.0,kb,0.0,kb,0.0,kb,354
conv2,21.59326200000005,ms,78.10907099999991,ms,36.411904202461244,ms,136.52934424877168,ms,0.0,kb,0.0,kb,51940.0,kb,349537.0,kb,354
norm1,16.085707000000006,ms,47.78635500000025,ms,18.215648016929627,ms,50.34022403240204,ms,0.0,kb,0.0,kb,700713.0,kb,3503565.0,kb,354
relu1,8.197351999999995,ms,11.444518000000008,ms,8.229855987548827,ms,12.979839948654174,ms,0.0,kb,0.0,kb,0.0,kb,0.0,kb,354
conv1,19.102820000000047,ms,67.19222,ms,44.01951974582672,ms,166.8934723367691,ms,0.0,kb,0.0,kb,207760.0,kb,831040.0,kb,354
norm2,16.371088999999998,ms,48.716924000000084,ms,16.27299197387695,ms,44.36451202392578,ms,0.0,kb,0.0,kb,207760.0,kb,1038800.0,kb,354
relu2,8.066689,ms,11.327858000000006,ms,7.983967993736267,ms,11.900384000778198,ms,0.0,kb,0.0,kb,0.0,kb,0.0,kb,354
conv2,21.679627999999965,ms,78.44875299999997,ms,36.44966413879394,ms,136.72953602790832,ms,0.0,kb,0.0,kb,51940.0,kb,349537.0,kb,354
norm1,16.026065000000013,ms,47.70198900000014,ms,19.07616014289856,ms,52.91820828437805,ms,0.0,kb,0.0,kb,739649.0,kb,3698245.0,kb,354
relu1,8.065234000000002,ms,11.311736999999994,ms,8.191743986606598,ms,13.04150398015976,ms,0.0,kb,0.0,kb,0.0,kb,0.0,kb,354
conv1,18.609078000000018,ms,65.26533299999986,ms,45.574592170715334,ms,173.21702401447297,ms,0.0,kb,0.0,kb,207760.0,kb,831040.0,kb,354
norm2,16.426460999999982,ms,48.95703100000004,ms,16.348863953590392,ms,44.534752036094666,ms,0.0,kb,0.0,kb,207760.0,kb,1038800.0,kb,354
relu2,8.022855,ms,11.26615800000001,ms,7.930304035663605,ms,11.801536047458649,ms,0.0,kb,0.0,kb,0.0,kb,0.0,kb,354
conv2,21.808245999999972,ms,79.11909999999993,ms,36.514048133850096,ms,136.93750406646728,ms,0.0,kb,0.0,kb,51940.0,kb,349537.0,kb,354
norm1,16.005402000000025,ms,47.63251800000002,ms,19.737280199050904,ms,54.88188842964173,ms,0.0,kb,0.0,kb,873585.0,kb,4367925.0,kb,354
relu1,8.027814000000001,ms,11.267401999999995,ms,8.301503985881805,ms,13.278816004276276,ms,0.0,kb,0.0,kb,0.0,kb,0.0,kb,354
conv1,18.565660000000026,ms,65.07120200000023,ms,47.628800142288206,ms,181.39324796104432,ms,0.0,kb,0.0,kb,207760.0,kb,831040.0,kb,354
norm2,16.38405399999998,ms,48.83544999999992,ms,16.311807989120485,ms,44.498688152313235,ms,0.0,kb,0.0,kb,207760.0,kb,1038800.0,kb,354
relu2,8.018450999999992,ms,11.259568000000007,ms,7.935039996623993,ms,11.832800045490265,ms,0.0,kb,0.0,kb,0.0,kb,0.0,kb,354
conv2,21.77000400000002,ms,79.00527100000005,ms,36.5712640914917,ms,137.16896007442475,ms,0.0,kb,0.0,kb,51940.0,kb,349537.0,kb,354
norm1,15.958450000000004,ms,47.474937999999916,ms,20.275808223724365,ms,56.54633646774292,ms,0.0,kb,0.0,kb,901667.0,kb,4508335.0,kb,354
relu1,8.052206000000005,ms,11.28528799999999,ms,8.504095944404602,ms,13.661407978057861,ms,0.0,kb,0.0,kb,0.0,kb,0.0,kb,354
conv1,18.539341999999987,ms,65.00447699999988,ms,49.676832593917844,ms,189.56144161987305,ms,0.0,kb,0.0,kb,207760.0,kb,831040.0,kb,354
norm2,16.57867900000002,ms,49.64900900000011,ms,16.49148784542084,ms,44.943456030845645,ms,0.0,kb,0.0,kb,207760.0,kb,1038800.0,kb,354
relu2,8.019341000000004,ms,11.250728999999996,ms,7.93036803150177,ms,11.827200046539307,ms,0.0,kb,0.0,kb,0.0,kb,0.0,kb,354
conv2,21.60438000000002,ms,78.11964699999993,ms,36.40598416423798,ms,136.5198720369339,ms,0.0,kb,0.0,kb,51940.0,kb,349537.0,kb,354
norm1,16.305761999999984,ms,48.97610999999998,ms,21.171968321800232,ms,59.092832655906676,ms,0.0,kb,0.0,kb,1073121.0,kb,5365605.0,kb,354
relu1,8.171480999999998,ms,11.400940999999985,ms,8.787680074691773,ms,14.096096090316772,ms,0.0,kb,0.0,kb,0.0,kb,0.0,kb,354
conv1,18.791401000000036,ms,66.02512600000001,ms,52.17113601970673,ms,199.57068810367585,ms,0.0,kb,0.0,kb,207760.0,kb,831040.0,kb,354
norm2,16.62877700000001,ms,49.81138499999998,ms,16.55513593482971,ms,45.18384012985229,ms,0.0,kb,0.0,kb,207760.0,kb,1038800.0,kb,354
relu2,8.052844,ms,11.32376000000001,ms,7.959648024559021,ms,11.864928030967713,ms,0.0,kb,0.0,kb,0.0,kb,0.0,kb,354
conv2,21.78515299999998,ms,78.92529300000012,ms,36.60572801494598,ms,137.30499206638336,ms,0.0,kb,0.0,kb,51940.0,kb,349537.0,kb,354
norm1,16.07103400000003,ms,47.78113299999993,ms,21.31398387336731,ms,59.47353626441956,ms,0.0,kb,0.0,kb,1123573.0,kb,5617865.0,kb,354
relu1,8.037667999999995,ms,11.287662,ms,8.898336109161377,ms,14.504096091270446,ms,0.0,kb,0.0,kb,0.0,kb,0.0,kb,354
conv1,18.790435999999993,ms,66.0241370000001,ms,53.971072120666506,ms,206.78057485866546,ms,0.0,kb,0.0,kb,207760.0,kb,831040.0,kb,354
norm2,16.425114999999966,ms,48.97697500000011,ms,16.327455848693848,ms,44.57075192642212,ms,0.0,kb,0.0,kb,207760.0,kb,1038800.0,kb,354
relu2,8.006108000000003,ms,11.236644000000009,ms,7.933952023983002,ms,11.821952039241792,ms,0.0,kb,0.0,kb,0.0,kb,0.0,kb,354
conv2,21.731073999999975,ms,78.71446300000005,ms,36.56931205368042,ms,137.1051841096878,ms,0.0,kb,0.0,kb,51940.0,kb,349537.0,kb,354
norm1,16.186252999999994,ms,48.01396199999998,ms,21.673759943008424,ms,60.575328132629394,ms,0.0,kb,0.0,kb,1047105.0,kb,5235525.0,kb,354
relu1,8.027731999999999,ms,11.256737999999999,ms,9.145056155204774,ms,14.944448157310486,ms,0.0,kb,0.0,kb,0.0,kb,0.0,kb,354
conv1,18.755743000000017,ms,65.876339,ms,55.98390435600281,ms,214.84950362300873,ms,0.0,kb,0.0,kb,207760.0,kb,831040.0,kb,354
norm2,16.322345999999985,ms,48.70368099999997,ms,16.255103813171388,ms,44.3513599281311,ms,0.0,kb,0.0,kb,207760.0,kb,1038800.0,kb,354
relu2,8.001191999999998,ms,11.21837399999999,ms,7.904096008777619,ms,11.785952015399932,ms,0.0,kb,0.0,kb,0.0,kb,0.0,kb,354
conv2,21.584252999999983,ms,78.13604300000011,ms,36.368640191078185,ms,136.4589120054245,ms,0.0,kb,0.0,kb,51940.0,kb,349537.0,kb,354
norm1,16.027258000000025,ms,47.60060900000001,ms,22.04828788757324,ms,61.72633583641052,ms,0.0,kb,0.0,kb,1117672.0,kb,5588360.0,kb,354
relu1,8.029115000000008,ms,11.27036799999999,ms,9.495040068149567,ms,15.670911987781524,ms,0.0,kb,0.0,kb,0.0,kb,0.0,kb,354
conv1,18.767940000000028,ms,65.95251499999993,ms,58.02524813079834,ms,223.10559961414336,ms,0.0,kb,0.0,kb,207760.0,kb,831040.0,kb,354
norm2,16.598487000000002,ms,49.814905999999915,ms,16.53039997291565,ms,45.11232004737854,ms,0.0,kb,0.0,kb,207760.0,kb,1038800.0,kb,354
relu2,8.005683999999997,ms,11.223472999999991,ms,7.933792009830475,ms,11.807072013378143,ms,0.0,kb,0.0,kb,0.0,kb,0.0,kb,354
conv2,21.64071699999995,ms,78.35442999999978,ms,36.43299217796326,ms,136.6648962249756,ms,0.0,kb,0.0,kb,51940.0,kb,349537.0,kb,354
norm1,15.988976000000017,ms,47.50128600000001,ms,22.305151711463928,ms,62.50985565662384,ms,0.0,kb,0.0,kb,1149432.0,kb,5747160.0,kb,354
relu1,8.225109999999997,ms,11.482239999999985,ms,10.086432069778443,ms,16.690080178260803,ms,0.0,kb,0.0,kb,0.0,kb,0.0,kb,354
conv1,18.816627999999994,ms,66.18166699999993,ms,60.420800364494326,ms,232.5976316986084,ms,0.0,kb,0.0,kb,207760.0,kb,831040.0,kb,354
norm2,16.564546000000025,ms,49.7611329999999,ms,16.497343879699706,ms,45.01302396774292,ms,0.0,kb,0.0,kb,207760.0,kb,1038800.0,kb,354
relu2,8.019923999999998,ms,11.242873999999993,ms,7.936640030860901,ms,11.857504028320312,ms,0.0,kb,0.0,kb,0.0,kb,0.0,kb,354
conv2,21.558114000000018,ms,78.04569399999983,ms,36.364128235816956,ms,136.34764811420442,ms,0.0,kb,0.0,kb,51940.0,kb,349537.0,kb,354
norm1,16.162200999999985,ms,47.894074,ms,22.786463771820067,ms,63.84950355529785,ms,0.0,kb,0.0,kb,1301713.0,kb,6508565.0,kb,354
relu1,8.040956000000005,ms,11.28856600000001,ms,10.275584103107452,ms,17.257248172283173,ms,0.0,kb,0.0,kb,0.0,kb,0.0,kb,354
conv1,18.826369000000014,ms,66.19039600000002,ms,62.1893116350174,ms,239.6132162628174,ms,0.0,kb,0.0,kb,207760.0,kb,831040.0,kb,354
norm2,16.456985999999972,ms,49.18867699999999,ms,16.384063840866087,ms,44.73107187080383,ms,0.0,kb,0.0,kb,207760.0,kb,1038800.0,kb,354
relu2,8.009339000000008,ms,11.236989999999995,ms,7.9266240043640135,ms,11.814784004211425,ms,0.0,kb,0.0,kb,0.0,kb,0.0,kb,354
conv2,21.535930000000008,ms,77.94281100000015,ms,36.312448214530946,ms,136.19798411560058,ms,0.0,kb,0.0,kb,51940.0,kb,349537.0,kb,354
norm1,16.07642499999999,ms,47.720198,ms,23.176575956344603,ms,65.03734345817566,ms,0.0,kb,0.0,kb,1344220.0,kb,6721100.0,kb,354
relu1,8.064481,ms,11.321738999999994,ms,10.727104060649872,ms,18.11155218267441,ms,0.0,kb,0.0,kb,0.0,kb,0.0,kb,354
conv1,19.060538000000037,ms,67.119007,ms,64.46633634185791,ms,248.7647368068695,ms,0.0,kb,0.0,kb,207760.0,kb,831040.0,kb,354
norm2,16.646800000000017,ms,50.12618199999989,ms,16.57766384315491,ms,45.297855834960934,ms,0.0,kb,0.0,kb,207760.0,kb,1038800.0,kb,354
relu2,8.040276000000002,ms,11.262275000000004,ms,7.94515199136734,ms,11.836607976436614,ms,0.0,kb,0.0,kb,0.0,kb,0.0,kb,354
conv2,21.68944499999994,ms,78.44665399999974,ms,36.44662412071228,ms,136.67539202213288,ms,0.0,kb,0.0,kb,51940.0,kb,349537.0,kb,354
norm1,16.194915000000044,ms,48.116046999999874,ms,23.7128959980011,ms,66.70569571304321,ms,0.0,kb,0.0,kb,1382730.0,kb,6913650.0,kb,354
relu1,8.109000000000002,ms,11.368420000000004,ms,11.245247973442078,ms,19.13830401611328,ms,0.0,kb,0.0,kb,0.0,kb,0.0,kb,354
conv1,18.880663000000023,ms,66.36350000000002,ms,66.32652744197846,ms,256.2121611328125,ms,0.0,kb,0.0,kb,207760.0,kb,831040.0,kb,354
norm2,16.722530000000024,ms,50.379181,ms,16.662751878738405,ms,45.553791873931885,ms,0.0,kb,0.0,kb,207760.0,kb,1038800.0,kb,354
relu2,8.067561,ms,11.296447999999996,ms,7.975584032535553,ms,11.88028801393509,ms,0.0,kb,0.0,kb,0.0,kb,0.0,kb,354
conv2,21.933719999999983,ms,79.54342199999975,ms,36.690912091255186,ms,137.62233621311188,ms,0.0,kb,0.0,kb,51940.0,kb,349537.0,kb,354
norm1,16.105605000000015,ms,47.866379,ms,24.032927869796755,ms,67.66710370063782,ms,0.0,kb,0.0,kb,1432733.0,kb,7163665.0,kb,354
relu1,8.262556000000007,ms,11.514179999999998,ms,11.976159940242768,ms,20.458175949573516,ms,0.0,kb,0.0,kb,0.0,kb,0.0,kb,354
conv1,19.007920999999996,ms,66.8672170000001,ms,68.81705488395691,ms,266.11884605789186,ms,0.0,kb,0.0,kb,207760.0,kb,831040.0,kb,354
norm2,16.67769799999998,ms,50.07732900000018,ms,16.637407859802245,ms,45.5061437587738,ms,0.0,kb,0.0,kb,207760.0,kb,1038800.0,kb,354
relu2,8.092286999999997,ms,11.338819999999998,ms,8.013920010089874,ms,11.91971203660965,ms,0.0,kb,0.0,kb,0.0,kb,0.0,kb,354
conv2,21.801770999999945,ms,79.12275800000003,ms,36.62534408187866,ms,137.47856023597717,ms,0.0,kb,0.0,kb,51940.0,kb,349537.0,kb,354
norm1,16.40254499999996,ms,49.302816000000014,ms,24.76988794517517,ms,69.90278398323059,ms,0.0,kb,0.0,kb,1472008.0,kb,7360040.0,kb,354
relu1,8.142031,ms,11.405291999999994,ms,12.378175926685334,ms,21.409695807933808,ms,0.0,kb,0.0,kb,0.0,kb,0.0,kb,354
conv1,18.96297099999998,ms,66.67596099999997,ms,70.48348765563965,ms,272.83788660812377,ms,0.0,kb,0.0,kb,207760.0,kb,831040.0,kb,354
norm2,16.829981000000004,ms,50.82829499999992,ms,16.7630398311615,ms,45.870207761764526,ms,0.0,kb,0.0,kb,207760.0,kb,1038800.0,kb,354
relu2,8.127886999999994,ms,11.390435000000002,ms,8.034528025627136,ms,11.97958403968811,ms,0.0,kb,0.0,kb,0.0,kb,0.0,kb,354
conv2,21.733612000000015,ms,78.65672499999988,ms,36.54608011054993,ms,137.0549442806244,ms,0.0,kb,0.0,kb,51940.0,kb,349537.0,kb,354
norm1,16.327316000000035,ms,48.557891999999875,ms,25.009471982002257,ms,70.58940802288055,ms,0.0,kb,0.0,kb,1519011.0,kb,7595055.0,kb,354
relu1,8.165144999999994,ms,11.437830000000003,ms,12.866719926834106,ms,22.35817594051361,ms,0.0,kb,0.0,kb,0.0,kb,0.0,kb,354
conv1,18.977730999999984,ms,66.66114399999991,ms,72.56524761009216,ms,281.0905279636383,ms,0.0,kb,0.0,kb,207760.0,kb,831040.0,kb,354
norm2,16.870208999999956,ms,50.98275799999999,ms,16.811871856689454,ms,45.966847900390626,ms,0.0,kb,0.0,kb,207760.0,kb,1038800.0,kb,354
relu2,8.107756,ms,11.355115999999999,ms,8.01248001241684,ms,11.925952010631562,ms,0.0,kb,0.0,kb,0.0,kb,0.0,kb,354
conv2,21.839754999999993,ms,79.29248300000016,ms,36.616992149353024,ms,137.46105630397795,ms,0.0,kb,0.0,kb,51940.0,kb,349537.0,kb,354
norm1,16.266204000000002,ms,48.45495899999995,ms,25.36771219444275,ms,71.69075191688538,ms,0.0,kb,0.0,kb,1532079.0,kb,7660395.0,kb,354
relu1,8.131863,ms,11.382404999999997,ms,13.275391909122467,ms,23.188255865573883,ms,0.0,kb,0.0,kb,0.0,kb,0.0,kb,354
conv1,19.172563000000032,ms,67.42140599999999,ms,74.77734418964386,ms,289.92217630290986,ms,0.0,kb,0.0,kb,207760.0,kb,831040.0,kb,354
norm2,16.739157000000013,ms,50.334597000000066,ms,16.691551862716675,ms,45.61401575660705,ms,0.0,kb,0.0,kb,207760.0,kb,1038800.0,kb,354
relu2,8.086154999999993,ms,11.318611999999984,ms,8.002656001091003,ms,11.897856002807616,ms,0.0,kb,0.0,kb,0.0,kb,0.0,kb,354
conv2,21.804477999999982,ms,79.14627199999987,ms,36.62320014667511,ms,137.34252820396424,ms,0.0,kb,0.0,kb,51940.0,kb,349537.0,kb,354
norm1,16.214883999999994,ms,48.32066799999997,ms,25.737823768615723,ms,72.79603182220458,ms,0.0,kb,0.0,kb,1560289.0,kb,7801445.0,kb,354
relu1,8.300599,ms,11.571915999999996,ms,13.938336045265197,ms,24.34617595386505,ms,0.0,kb,0.0,kb,0.0,kb,0.0,kb,354
conv1,19.056300999999955,ms,66.98731899999993,ms,77.17359998703003,ms,299.54547247219085,ms,0.0,kb,0.0,kb,207760.0,kb,831040.0,kb,354
norm2,16.856171000000007,ms,50.92135999999991,ms,16.799999977111817,ms,45.96281586265564,ms,0.0,kb,0.0,kb,207760.0,kb,1038800.0,kb,354
relu2,8.157084000000001,ms,11.41163800000001,ms,8.066015990734101,ms,12.004799954891205,ms,0.0,kb,0.0,kb,0.0,kb,0.0,kb,354
conv2,21.706600999999985,ms,78.61360600000012,ms,36.49337603092194,ms,136.88064023685456,ms,0.0,kb,0.0,kb,51940.0,kb,349537.0,kb,354
norm1,16.221353,ms,48.35716800000003,ms,26.107936113357542,ms,73.9220801372528,ms,0.0,kb,0.0,kb,1568181.0,kb,7840905.0,kb,354
relu1,8.111304000000008,ms,11.364529,ms,14.220416083335877,ms,25.078207942008973,ms,0.0,kb,0.0,kb,0.0,kb,0.0,kb,354
conv1,18.96349500000002,ms,66.66518899999997,ms,78.72323239898682,ms,305.77433733558655,ms,0.0,kb,0.0,kb,207760.0,kb,831040.0,kb,354
norm2,16.880092999999984,ms,50.96290199999997,ms,16.820671851158142,ms,46.00831990337372,ms,0.0,kb,0.0,kb,207760.0,kb,1038800.0,kb,354
relu2,8.127210999999997,ms,11.369640999999982,ms,8.027296025276184,ms,11.944544054031372,ms,0.0,kb,0.0,kb,0.0,kb,0.0,kb,354
conv2,21.84946800000001,ms,79.23997800000006,ms,36.676320071220395,ms,137.64614438438414,ms,0.0,kb,0.0,kb,51940.0,kb,349537.0,kb,354
norm1,16.22116500000001,ms,48.28642600000001,ms,26.520000101089476,ms,75.09750419044495,ms,0.0,kb,0.0,kb,1565156.0,kb,7825780.0,kb,354
relu1,8.097296999999998,ms,11.342903000000005,ms,14.587296070575714,ms,25.832160114765166,ms,0.0,kb,0.0,kb,0.0,kb,0.0,kb,354
conv1,18.966270999999978,ms,66.74729299999998,ms,80.84492877006531,ms,314.32345745277405,ms,0.0,kb,0.0,kb,207760.0,kb,831040.0,kb,354
norm2,16.734741999999997,ms,50.282994000000016,ms,16.665759841918945,ms,45.56732769203186,ms,0.0,kb,0.0,kb,207760.0,kb,1038800.0,kb,354
relu2,8.075173000000003,ms,11.301419000000006,ms,7.9921600222587585,ms,11.889184037685395,ms,0.0,kb,0.0,kb,0.0,kb,0.0,kb,354
conv2,21.885209000000028,ms,79.3765670000001,ms,36.69257608127594,ms,137.6498562488556,ms,0.0,kb,0.0,kb,51940.0,kb,349537.0,kb,354
norm1,16.17322199999998,ms,48.16724399999999,ms,26.855488222122194,ms,76.15139199829102,ms,0.0,kb,0.0,kb,1613301.0,kb,8066505.0,kb,354
relu1,8.137430000000007,ms,11.39085299999998,ms,14.865920053958893,ms,26.397728115558625,ms,0.0,kb,0.0,kb,0.0,kb,0.0,kb,354
conv1,19.184695000000044,ms,67.62666200000004,ms,83.06972787284852,ms,323.1737276983261,ms,0.0,kb,0.0,kb,207760.0,kb,831040.0,kb,354
norm2,16.764510000000012,ms,50.35681499999999,ms,16.70729582309723,ms,45.666175740242004,ms,0.0,kb,0.0,kb,207760.0,kb,1038800.0,kb,354
relu2,8.035893000000005,ms,11.254254999999985,ms,7.937408020019531,ms,11.80476805305481,ms,0.0,kb,0.0,kb,0.0,kb,0.0,kb,354
conv2,21.744323000000044,ms,78.88899800000004,ms,36.574592019081116,ms,137.30041617393493,ms,0.0,kb,0.0,kb,51940.0,kb,349537.0,kb,354
norm,16.372487,ms,49.074600999999895,ms,27.419199935913085,ms,77.83481635665893,ms,0.0,kb,0.0,kb,1670870.0,kb,8354350.0,kb,354
relu,8.239556000000002,ms,11.470704999999992,ms,15.310943908691407,ms,27.133183945655823,ms,0.0,kb,0.0,kb,0.0,kb,0.0,kb,354
conv,21.70930699999997,ms,78.63398299999992,ms,167.5957444934845,ms,661.2984334688186,ms,0.0,kb,0.0,kb,849499.0,kb,3398525.5,kb,354
pool,9.348182999999999,ms,11.534454999999998,ms,15.250751930236817,ms,15.250751930236817,ms,0.0,kb,0.0,kb,207760.0,kb,415520.0,kb,354
norm1,16.710628999999994,ms,50.34301499999998,ms,17.447360355377196,ms,47.92579209709167,ms,0.0,kb,0.0,kb,207760.0,kb,1038800.0,kb,354
relu1,8.177973000000003,ms,11.47257100000001,ms,8.090016038894653,ms,12.036736029624938,ms,0.0,kb,0.0,kb,0.0,kb,0.0,kb,354
conv1,18.937188999999965,ms,66.51772999999994,ms,38.39779226493835,ms,144.43683253383637,ms,0.0,kb,0.0,kb,51940.0,kb,207760.0,kb,354
norm2,16.629509999999964,ms,49.58709399999995,ms,16.426431814193727,ms,44.43971188354492,ms,0.0,kb,0.0,kb,51940.0,kb,259700.0,kb,354
relu2,8.063675000000003,ms,11.300725,ms,8.008320012569428,ms,11.517888010501862,ms,0.0,kb,0.0,kb,0.0,kb,0.0,kb,354
conv2,21.886555999999988,ms,79.48120100000007,ms,36.73913603401184,ms,137.84073639774323,ms,0.0,kb,0.0,kb,13073.5,kb,194071.0,kb,354
norm1,16.354072999999957,ms,48.90475200000007,ms,17.153440168380737,ms,47.03875205421448,ms,0.0,kb,0.0,kb,220833.5,kb,1104167.5,kb,354
relu1,8.105813,ms,11.367694999999994,ms,8.012415996074676,ms,11.924351994991303,ms,0.0,kb,0.0,kb,0.0,kb,0.0,kb,354
conv1,18.82871300000004,ms,66.10625600000002,ms,39.03488003730774,ms,147.05052824687957,ms,0.0,kb,0.0,kb,51940.0,kb,207760.0,kb,354
norm2,16.58149399999999,ms,49.55717799999998,ms,16.404831844329834,ms,44.38499185752869,ms,0.0,kb,0.0,kb,51940.0,kb,259700.0,kb,354
relu2,8.059943999999993,ms,11.293778,ms,8.008096027851105,ms,11.53315202665329,ms,0.0,kb,0.0,kb,0.0,kb,0.0,kb,354
conv2,21.981369000000015,ms,79.85314799999995,ms,36.72681601905823,ms,137.84755208015443,ms,0.0,kb,0.0,kb,13073.5,kb,194071.0,kb,354
norm1,16.498023999999997,ms,49.49725999999997,ms,17.425184198379515,ms,47.80089595794678,ms,0.0,kb,0.0,kb,233730.0,kb,1168650.0,kb,354
relu1,8.099009,ms,11.349252999999997,ms,8.000223999023438,ms,11.921056025505067,ms,0.0,kb,0.0,kb,0.0,kb,0.0,kb,354
conv1,18.857004000000007,ms,66.27301899999989,ms,40.4156476020813,ms,152.68774351596832,ms,0.0,kb,0.0,kb,51940.0,kb,207760.0,kb,354
norm2,16.541114999999998,ms,49.38551899999994,ms,16.36121577835083,ms,44.212703874588016,ms,0.0,kb,0.0,kb,51940.0,kb,259700.0,kb,354
relu2,8.07467800000001,ms,11.335685000000003,ms,8.023744017601013,ms,11.564095995903015,ms,0.0,kb,0.0,kb,0.0,kb,0.0,kb,354
conv2,21.862336000000074,ms,79.20755800000006,ms,36.5608000907898,ms,137.21574405384064,ms,0.0,kb,0.0,kb,13073.5,kb,194071.0,kb,354
norm1,16.622539000000007,ms,50.25158100000004,ms,17.70297616481781,ms,48.67887986087799,ms,0.0,kb,0.0,kb,246803.5,kb,1234017.5,kb,354
relu1,8.089763999999997,ms,11.342041999999987,ms,7.975712007522583,ms,11.889344022750855,ms,0.0,kb,0.0,kb,0.0,kb,0.0,kb,354
conv1,18.86477099999999,ms,66.34061600000004,ms,41.552960003852846,ms,157.22956713676453,ms,0.0,kb,0.0,kb,51940.0,kb,207760.0,kb,354
norm2,16.658423999999993,ms,49.724924,ms,16.495007862091065,ms,44.57433592605591,ms,0.0,kb,0.0,kb,51940.0,kb,259700.0,kb,354
relu2,8.219957999999997,ms,11.467588000000005,ms,8.177440027236939,ms,11.712224031448365,ms,0.0,kb,0.0,kb,0.0,kb,0.0,kb,354
conv2,22.01784200000003,ms,79.96684299999994,ms,36.67897613143921,ms,137.71913617038726,ms,0.0,kb,0.0,kb,13073.5,kb,194071.0,kb,354
norm1,16.551322999999993,ms,50.018306999999936,ms,17.695936288833618,ms,48.80032009887695,ms,0.0,kb,0.0,kb,259700.0,kb,1298500.0,kb,354
relu1,8.061708000000003,ms,11.32294399999999,ms,7.984320010662079,ms,11.94249601507187,ms,0.0,kb,0.0,kb,0.0,kb,0.0,kb,354
conv1,18.969178999999958,ms,66.73054600000007,ms,42.87091195774078,ms,162.46387289905547,ms,0.0,kb,0.0,kb,51940.0,kb,207760.0,kb,354
norm2,16.566371000000032,ms,49.50045899999992,ms,16.399967868804932,ms,44.29132799339295,ms,0.0,kb,0.0,kb,51940.0,kb,259700.0,kb,354
relu2,8.051312999999997,ms,11.310206,ms,7.985471998691559,ms,11.495424006938935,ms,0.0,kb,0.0,kb,0.0,kb,0.0,kb,354
conv2,21.965117000000006,ms,79.64548999999987,ms,36.53564818286896,ms,137.13875224685668,ms,0.0,kb,0.0,kb,13073.5,kb,194071.0,kb,354
norm1,16.610599000000033,ms,50.127933999999925,ms,17.84060811805725,ms,49.123967878341674,ms,0.0,kb,0.0,kb,272773.5,kb,1363867.5,kb,354
relu1,8.105931000000004,ms,11.375861999999977,ms,8.016640024662017,ms,12.040256039142609,ms,0.0,kb,0.0,kb,0.0,kb,0.0,kb,354
conv1,19.004904000000042,ms,66.86375700000005,ms,44.20208011436463,ms,167.84601577472688,ms,0.0,kb,0.0,kb,51940.0,kb,207760.0,kb,354
norm2,16.720679000000054,ms,49.94562299999992,ms,16.539519844055175,ms,44.66767984008789,ms,0.0,kb,0.0,kb,51940.0,kb,259700.0,kb,354
relu2,8.021009000000005,ms,11.267718000000004,ms,7.9695360226631164,ms,11.484800013065339,ms,0.0,kb,0.0,kb,0.0,kb,0.0,kb,354
conv2,21.903363000000027,ms,79.47610600000007,ms,36.60198414993286,ms,137.42489637374877,ms,0.0,kb,0.0,kb,13073.5,kb,194071.0,kb,354
norm1,16.470385,ms,49.799697,ms,17.882911849975585,ms,49.362143730163574,ms,0.0,kb,0.0,kb,285670.0,kb,1428350.0,kb,354
relu1,8.060015000000005,ms,11.309728000000003,ms,7.9516480407714845,ms,11.96246404361725,ms,0.0,kb,0.0,kb,0.0,kb,0.0,kb,354
conv1,18.994688,ms,66.84485499999988,ms,45.40496017456055,ms,172.62262441062927,ms,0.0,kb,0.0,kb,51940.0,kb,207760.0,kb,354
norm2,16.618681000000006,ms,49.685624000000004,ms,16.445023921966552,ms,44.44908793258667,ms,0.0,kb,0.0,kb,51940.0,kb,259700.0,kb,354
relu2,8.061466999999997,ms,11.295594999999997,ms,7.990464023113251,ms,11.522976048946381,ms,0.0,kb,0.0,kb,0.0,kb,0.0,kb,354
conv2,22.085833000000033,ms,80.2103880000003,ms,36.69660807514191,ms,137.92956810760498,ms,0.0,kb,0.0,kb,13073.5,kb,194071.0,kb,354
norm1,16.552017000000014,ms,50.042246000000134,ms,18.074751859664918,ms,49.85968005752564,ms,0.0,kb,0.0,kb,298743.5,kb,1493717.5,kb,354
relu1,8.113868999999996,ms,11.370549000000002,ms,8.009728020191192,ms,12.072544000148774,ms,0.0,kb,0.0,kb,0.0,kb,0.0,kb,354
conv1,19.088961000000044,ms,67.15308499999996,ms,46.63673639202118,ms,177.50496068382265,ms,0.0,kb,0.0,kb,51940.0,kb,207760.0,kb,354
norm2,16.605392999999953,ms,49.70002399999998,ms,16.423807874679564,ms,44.41251201438904,ms,0.0,kb,0.0,kb,51940.0,kb,259700.0,kb,354
relu2,8.205145999999996,ms,11.475784000000008,ms,8.149536009788513,ms,11.676640027999879,ms,0.0,kb,0.0,kb,0.0,kb,0.0,kb,354
conv2,22.151309999999988,ms,80.35656599999982,ms,36.76956804561615,ms,138.04217616081237,ms,0.0,kb,0.0,kb,13073.5,kb,194071.0,kb,354
norm1,16.469151,ms,49.72507499999999,ms,18.104703851699828,ms,49.91891195487976,ms,0.0,kb,0.0,kb,311640.0,kb,1558200.0,kb,354
relu1,8.032443000000002,ms,11.268764000000006,ms,7.933728004455566,ms,12.000351985931397,ms,0.0,kb,0.0,kb,0.0,kb,0.0,kb,354
conv1,19.057282999999995,ms,67.02148400000011,ms,47.75251205444336,ms,182.05686427211762,ms,0.0,kb,0.0,kb,51940.0,kb,207760.0,kb,354
norm2,16.536246999999975,ms,49.50865200000001,ms,16.34780792617798,ms,44.19254393196106,ms,0.0,kb,0.0,kb,51940.0,kb,259700.0,kb,354
relu2,8.016763999999993,ms,11.250070000000006,ms,7.951424039363861,ms,11.471040042400361,ms,0.0,kb,0.0,kb,0.0,kb,0.0,kb,354
conv2,22.055201999999994,ms,80.0468830000001,ms,36.654080163002014,ms,137.64352021980287,ms,0.0,kb,0.0,kb,13073.5,kb,194071.0,kb,354
norm1,16.500982000000043,ms,49.76493099999992,ms,18.225439796447755,ms,50.273023874282835,ms,0.0,kb,0.0,kb,324713.5,kb,1623567.5,kb,354
relu1,8.039328000000003,ms,11.27175599999998,ms,7.930528005599975,ms,12.032799971580506,ms,0.0,kb,0.0,kb,0.0,kb,0.0,kb,354
conv1,19.17296200000001,ms,67.44203700000011,ms,49.17468841362,ms,187.70787379837037,ms,0.0,kb,0.0,kb,51940.0,kb,207760.0,kb,354
norm2,16.624587000000023,ms,49.78138600000001,ms,16.45404789543152,ms,44.43670390701294,ms,0.0,kb,0.0,kb,51940.0,kb,259700.0,kb,354
relu2,7.967567000000001,ms,11.186560999999996,ms,7.8821120181083675,ms,11.374464022159577,ms,0.0,kb,0.0,kb,0.0,kb,0.0,kb,354
conv2,21.96937599999998,ms,79.80425800000019,ms,36.618335968017576,ms,137.55667209243774,ms,0.0,kb,0.0,kb,13073.5,kb,194071.0,kb,354
norm1,16.422137999999986,ms,49.474741999999985,ms,18.306271909713747,ms,50.48716818809509,ms,0.0,kb,0.0,kb,337610.0,kb,1688050.0,kb,354
relu1,8.025107999999996,ms,11.259098999999996,ms,7.934496034145355,ms,12.056608016490935,ms,0.0,kb,0.0,kb,0.0,kb,0.0,kb,354
conv1,19.20260000000003,ms,67.61011400000001,ms,50.486463956832885,ms,193.01580916500092,ms,0.0,kb,0.0,kb,51940.0,kb,207760.0,kb,354
norm2,16.64200200000001,ms,49.921388000000036,ms,16.456767916679382,ms,44.49692792797089,ms,0.0,kb,0.0,kb,51940.0,kb,259700.0,kb,354
relu2,7.9889889999999895,ms,11.221830999999993,ms,7.923040009498596,ms,11.440864017486572,ms,0.0,kb,0.0,kb,0.0,kb,0.0,kb,354
conv2,21.94627099999999,ms,79.79997199999988,ms,36.66323210811615,ms,137.7993923435211,ms,0.0,kb,0.0,kb,13073.5,kb,194071.0,kb,354
norm1,16.589629000000006,ms,50.431937,ms,18.60998395061493,ms,51.4120960149765,ms,0.0,kb,0.0,kb,350683.5,kb,1753417.5,kb,354
relu1,8.043896999999996,ms,11.276591000000002,ms,7.953056005954743,ms,12.099808003902435,ms,0.0,kb,0.0,kb,0.0,kb,0.0,kb,354
conv1,19.010012000000014,ms,66.96327399999991,ms,51.75699192523956,ms,198.10025605678558,ms,0.0,kb,0.0,kb,51940.0,kb,207760.0,kb,354
norm2,16.53591800000006,ms,49.59154000000001,ms,16.36505587863922,ms,44.2217920331955,ms,0.0,kb,0.0,kb,51940.0,kb,259700.0,kb,354
relu2,8.068691999999997,ms,11.293147000000001,ms,8.014624040126801,ms,11.518720050334931,ms,0.0,kb,0.0,kb,0.0,kb,0.0,kb,354
conv2,21.868961000000024,ms,79.46423499999997,ms,36.65648013973236,ms,137.69881632041933,ms,0.0,kb,0.0,kb,13073.5,kb,194071.0,kb,354
norm1,15.922256999999991,ms,47.14575399999994,ms,18.035199869155885,ms,49.70697604179382,ms,0.0,kb,0.0,kb,379115.0,kb,1895575.0,kb,354
relu1,8.099154000000008,ms,11.372915999999984,ms,8.003808022975921,ms,12.208255985736846,ms,0.0,kb,0.0,kb,0.0,kb,0.0,kb,354
conv1,19.050678000000055,ms,67.08214999999996,ms,52.783615693092344,ms,202.196094622612,ms,0.0,kb,0.0,kb,51940.0,kb,207760.0,kb,354
norm2,16.570632000000032,ms,49.662374000000035,ms,16.39244788646698,ms,44.301023938179014,ms,0.0,kb,0.0,kb,51940.0,kb,259700.0,kb,354
relu2,8.099382,ms,11.351104999999992,ms,8.027296031951904,ms,11.552416032791138,ms,0.0,kb,0.0,kb,0.0,kb,0.0,kb,354
conv2,21.96561899999997,ms,79.82768099999984,ms,36.749919996261596,ms,138.07552023124694,ms,0.0,kb,0.0,kb,13073.5,kb,194071.0,kb,354
norm1,15.917654999999987,ms,47.13177399999988,ms,18.118495958328246,ms,49.96735990524292,ms,0.0,kb,0.0,kb,388895.0,kb,1944475.0,kb,354
relu1,8.082826999999996,ms,11.338202000000004,ms,7.985184002876282,ms,12.209759983062744,ms,0.0,kb,0.0,kb,0.0,kb,0.0,kb,354
conv1,19.113849999999996,ms,67.36691000000003,ms,54.15996765422821,ms,207.69407890319823,ms,0.0,kb,0.0,kb,51940.0,kb,207760.0,kb,354
norm2,16.569727999999962,ms,49.66405699999997,ms,16.38380788230896,ms,44.304095859527585,ms,0.0,kb,0.0,kb,51940.0,kb,259700.0,kb,354
relu2,8.035065000000003,ms,11.287606,ms,7.969376024246216,ms,11.503168013572694,ms,0.0,kb,0.0,kb,0.0,kb,0.0,kb,354
conv2,21.986641999999968,ms,79.84376600000002,ms,36.7274560585022,ms,137.97587232780455,ms,0.0,kb,0.0,kb,13073.5,kb,194071.0,kb,354
norm1,16.069772000000007,ms,47.559624999999784,ms,18.409248028755187,ms,50.70659213924408,ms,0.0,kb,0.0,kb,471623.5,kb,2358117.5,kb,354
relu1,8.130973000000004,ms,11.403407000000009,ms,8.01449602508545,ms,12.24531201171875,ms,0.0,kb,0.0,kb,0.0,kb,0.0,kb,354
conv1,19.085950000000036,ms,67.21030800000014,ms,55.17555250453949,ms,211.8061440372467,ms,0.0,kb,0.0,kb,51940.0,kb,207760.0,kb,354
norm2,16.53562200000002,ms,49.60691200000002,ms,16.35788779640198,ms,44.216095851898196,ms,0.0,kb,0.0,kb,51940.0,kb,259700.0,kb,354
relu2,8.041413,ms,11.293557999999997,ms,7.985536014556884,ms,11.49132803916931,ms,0.0,kb,0.0,kb,0.0,kb,0.0,kb,354
conv2,21.951673999999976,ms,79.80658499999993,ms,36.734080136299134,ms,138.0099843273163,ms,0.0,kb,0.0,kb,13073.5,kb,194071.0,kb,354
norm1,16.000539000000025,ms,47.39431800000005,ms,18.42928003501892,ms,50.88953609848023,ms,0.0,kb,0.0,kb,563954.0,kb,2819770.0,kb,354
relu1,8.087083999999995,ms,11.330547000000005,ms,7.992832000732422,ms,12.243679990768433,ms,0.0,kb,0.0,kb,0.0,kb,0.0,kb,354
conv1,19.046774999999997,ms,67.13063999999997,ms,56.37321576976776,ms,216.51913619709015,ms,0.0,kb,0.0,kb,51940.0,kb,207760.0,kb,354
norm2,16.54878900000005,ms,49.53075300000005,ms,16.378495893478394,ms,44.23862401199341,ms,0.0,kb,0.0,kb,51940.0,kb,259700.0,kb,354
relu2,8.092401000000013,ms,11.350359999999997,ms,8.03923203611374,ms,11.56572805261612,ms,0.0,kb,0.0,kb,0.0,kb,0.0,kb,354
conv2,22.008568000000082,ms,80.03341700000011,ms,36.823648109436036,ms,138.32819237804412,ms,0.0,kb,0.0,kb,13073.5,kb,194071.0,kb,354
norm5,16.003144000000006,ms,47.43534399999998,ms,18.640895931243897,ms,51.45971207046509,ms,0.0,kb,0.0,kb,516566.5,kb,2582832.5,kb,354
classifier,27.794274000000026,ms,57.407934999999874,ms,28.428000147819517,ms,51.32992014598847,ms,0.0,kb,0.0,kb,177.0,kb,531.0,kb,354
